<application>
  <component name="FileTypeManager" version="18">
    <extensionMap>
      <mapping pattern="z-index" type="AUTO_DETECTED" />
      <mapping pattern="666" type="AUTO_DETECTED" />
      <mapping ext="space.kts" type="Kotlin" />
      <mapping ext="gradle.kts" type="Kotlin" />
      <mapping ext="main.kts" type="Kotlin" />
      <mapping ext="xmind" type="Native" />
      <mapping pattern=".gitkeep" type="PLAIN_TEXT" />
      <mapping pattern="{" type="PLAIN_TEXT" />
      <removed_mapping ext="apk" approved="true" type="ARCHIVE" />
      <removed_mapping ext="psd" approved="true" type="Image" />
      <removed_mapping ext="vue" approved="true" type="HTML" />
    </extensionMap>
  </component>
</application>