<application>
  <component name="UpdatesConfigurable">
    <option name="CHECK_NEEDED" value="false" />
    <ignoredBuildNumbers>
      <item value="191.8026.42" />
      <item value="212.5712.43" />
    </ignoredBuildNumbers>
    <option name="LAST_BUILD_CHECKED" value="IU-212.5457.46" />
    <option name="LAST_TIME_CHECKED" value="1649126393691" />
    <pluginHosts>
      <item value="https://plugins.zhile.io" />
    </pluginHosts>
    <option name="THIRD_PARTY_PLUGINS_ALLOWED" value="true" />
  </component>
</application>