<application>
  <component name="GitRememberedInputs">
    <option name="visitedUrls">
      <list>
        <UrlAndUserName>
          <option name="url" value="http://175.41.31.154:20080" />
          <option name="userName" value="atang" />
        </UrlAndUserName>
        <UrlAndUserName>
          <option name="url" value="http://192.168.1.83:20080" />
          <option name="userName" value="atang" />
        </UrlAndUserName>
        <UrlAndUserName>
          <option name="url" value="http://git.sportxxxr1pub.com" />
          <option name="userName" value="jstymasterj" />
        </UrlAndUserName>
      </list>
    </option>
  </component>
  <component name="Vcs.Log.App.Settings">
    <option name="COLUMN_ID_ORDER">
      <list>
        <option value="Default.Root" />
        <option value="Default.Author" />
        <option value="Default.Subject" />
        <option value="Space.CommitStatus" />
        <option value="Default.Date" />
      </list>
    </option>
  </component>
</application>