<application>
  <component name="AppStorage">
    <option name="newTranslationDialogWidth" value="598" />
    <option name="newTranslationDialogX" value="815" />
    <option name="newTranslationDialogY" value="450" />
    <histories>
      <item value="顶部菜单切换及赛事期数切换时 过滤重复请求" />
    </histories>
    <option name="languageScores">
      <map>
        <entry key="CHINESE" value="4" />
        <entry key="ENGLISH" value="3" />
      </map>
    </option>
  </component>
  <component name="Cache">
    <option name="lastTrimTime" value="1649141373318" />
  </component>
</application>