{
  "sprite": ".sprite {\n\n    background-image: url('/static/sprites/point/sprite-point.png?t=1690425523986');\n\n    background-size: 473px 455px;\n\n    background-repeat: no-repeat;\n\n  }\n",
  "RMB-1": "\n    .sprite-RMB-1 { \n\n      background-position: -100px -380px;\n\n      width: 65px;\n\n      height: 64px;\n\n    }\n",
  "RMB-3": "\n    .sprite-RMB-3 { \n\n      background-position: -286px -201px;\n\n      width: 69px;\n\n      height: 66px;\n\n    }\n",
  "RMB-4": "\n    .sprite-RMB-4 { \n\n      background-position: 0px -380px;\n\n      width: 95px;\n\n      height: 75px;\n\n    }\n",
  "RMB-gold-box": "\n    .sprite-RMB-gold-box { \n\n      background-position: -286px 0px;\n\n      width: 91px;\n\n      height: 97px;\n\n    }\n",
  "RMB-silver-box": "\n    .sprite-RMB-silver-box { \n\n      background-position: -382px -95px;\n\n      width: 80px;\n\n      height: 93px;\n\n    }\n",
  "arrow-right": "\n    .sprite-arrow-right { \n\n      background-position: -454px -193px;\n\n      width: 13px;\n\n      height: 23px;\n\n    }\n",
  "award-btn": "\n    .sprite-award-btn { \n\n      background-position: 0px 0px;\n\n      width: 281px;\n\n      height: 120px;\n\n    }\n",
  "discount": "\n    .sprite-discount { \n\n      background-position: -382px 0px;\n\n      width: 91px;\n\n      height: 90px;\n\n    }\n",
  "help": "\n    .sprite-help { \n\n      background-position: -244px -380px;\n\n      width: 40px;\n\n      height: 40px;\n\n    }\n",
  "item-checked-in": "\n    .sprite-item-checked-in { \n\n      background-position: -289px -380px;\n\n      width: 42px;\n\n      height: 28px;\n\n    }\n",
  "item-expires": "\n    .sprite-item-expires { \n\n      background-position: -249px -220px;\n\n      width: 31px;\n\n      height: 29px;\n\n    }\n",
  "light-step": "\n    .sprite-light-step { \n\n      background-position: 0px -125px;\n\n      width: 160px;\n\n      height: 160px;\n\n    }\n",
  "lucky-star": "\n    .sprite-lucky-star { \n\n      background-position: -382px -193px;\n\n      width: 67px;\n\n      height: 101px;\n\n    }\n",
  "point-1": "\n    .sprite-point-1 { \n\n      background-position: -313px -290px;\n\n      width: 59px;\n\n      height: 65px;\n\n    }\n",
  "point-10": "\n    .sprite-point-10 { \n\n      background-position: -212px -290px;\n\n      width: 96px;\n\n      height: 82px;\n\n    }\n",
  "point-3": "\n    .sprite-point-3 { \n\n      background-position: -170px -380px;\n\n      width: 69px;\n\n      height: 54px;\n\n    }\n",
  "point-30": "\n    .sprite-point-30 { \n\n      background-position: -108px -290px;\n\n      width: 99px;\n\n      height: 82px;\n\n    }\n",
  "point-5": "\n    .sprite-point-5 { \n\n      background-position: -382px -299px;\n\n      width: 91px;\n\n      height: 73px;\n\n    }\n",
  "point-50": "\n    .sprite-point-50 { \n\n      background-position: 0px -290px;\n\n      width: 103px;\n\n      height: 85px;\n\n    }\n",
  "point-8": "\n    .sprite-point-8 { \n\n      background-position: -286px -102px;\n\n      width: 88px;\n\n      height: 94px;\n\n    }\n",
  "point-80": "\n    .sprite-point-80 { \n\n      background-position: -165px -125px;\n\n      width: 104px;\n\n      height: 90px;\n\n    }\n",
  "received": "\n    .sprite-received { \n\n      background-position: -165px -220px;\n\n      width: 79px;\n\n      height: 53px;\n\n    }\n"
}