{
  "sprite": ".sprite {\n\n    background-image: url('/static/sprites/homesprite-home.png?t=1690354137776');\n\n    background-size: 323px 261px;\n\n    background-repeat: no-repeat;\n\n  }\n",
  "IDCard": "\n    .sprite-IDCard { \n\n      background-position: -109px -179px;\n\n      width: 56px;\n\n      height: 40px;\n\n    }\n",
  "arrow-right": "\n    .sprite-arrow-right { \n\n      background-position: -295px -66px;\n\n      width: 13px;\n\n      height: 23px;\n\n    }\n",
  "banzhuan": "\n    .sprite-banzhuan { \n\n      background-position: -53px -179px;\n\n      width: 51px;\n\n      height: 45px;\n\n    }\n",
  "bulletin": "\n    .sprite-bulletin { \n\n      background-position: -242px -144px;\n\n      width: 45px;\n\n      height: 33px;\n\n    }\n",
  "buyCoin": "\n    .sprite-buyCoin { \n\n      background-position: -84px -232px;\n\n      width: 42px;\n\n      height: 19px;\n\n    }\n",
  "checked-in": "\n    .sprite-checked-in { \n\n      background-position: -170px -179px;\n\n      width: 42px;\n\n      height: 28px;\n\n    }\n",
  "close-dark": "\n    .sprite-close-dark { \n\n      background-position: -295px 0px;\n\n      width: 28px;\n\n      height: 28px;\n\n    }\n",
  "close-white": "\n    .sprite-close-white { \n\n      background-position: -295px -33px;\n\n      width: 28px;\n\n      height: 28px;\n\n    }\n",
  "collectCoin": "\n    .sprite-collectCoin { \n\n      background-position: -242px -95px;\n\n      width: 34px;\n\n      height: 44px;\n\n    }\n",
  "copy": "\n    .sprite-copy { \n\n      background-position: -242px -182px;\n\n      width: 35px;\n\n      height: 35px;\n\n    }\n",
  "customer-service": "\n    .sprite-customer-service { \n\n      background-position: -59px -120px;\n\n      width: 54px;\n\n      height: 48px;\n\n    }\n",
  "help": "\n    .sprite-help { \n\n      background-position: -187px -55px;\n\n      width: 48px;\n\n      height: 48px;\n\n    }\n",
  "logo": "\n    .sprite-logo { \n\n      background-position: 0px 0px;\n\n      width: 64px;\n\n      height: 56px;\n\n    }\n",
  "message": "\n    .sprite-message { \n\n      background-position: -69px 0px;\n\n      width: 54px;\n\n      height: 54px;\n\n    }\n",
  "point-expires": "\n    .sprite-point-expires { \n\n      background-position: 0px -232px;\n\n      width: 31px;\n\n      height: 29px;\n\n    }\n",
  "sellCoin": "\n    .sprite-sellCoin { \n\n      background-position: -36px -232px;\n\n      width: 43px;\n\n      height: 19px;\n\n    }\n",
  "tabbar-home-active": "\n    .sprite-tabbar-home-active { \n\n      background-position: 0px -61px;\n\n      width: 54px;\n\n      height: 54px;\n\n    }\n",
  "tabbar-home": "\n    .sprite-tabbar-home { \n\n      background-position: -59px -61px;\n\n      width: 54px;\n\n      height: 54px;\n\n    }\n",
  "tabbar-mine-active": "\n    .sprite-tabbar-mine-active { \n\n      background-position: -128px 0px;\n\n      width: 54px;\n\n      height: 54px;\n\n    }\n",
  "tabbar-mine": "\n    .sprite-tabbar-mine { \n\n      background-position: -187px -108px;\n\n      width: 48px;\n\n      height: 48px;\n\n    }\n",
  "tabbar-order-active": "\n    .sprite-tabbar-order-active { \n\n      background-position: -128px -59px;\n\n      width: 54px;\n\n      height: 54px;\n\n    }\n",
  "tabbar-order": "\n    .sprite-tabbar-order { \n\n      background-position: 0px -179px;\n\n      width: 48px;\n\n      height: 48px;\n\n    }\n",
  "tabbar-points-active": "\n    .sprite-tabbar-points-active { \n\n      background-position: 0px -120px;\n\n      width: 54px;\n\n      height: 54px;\n\n    }\n",
  "tabbar-points": "\n    .sprite-tabbar-points { \n\n      background-position: -118px -120px;\n\n      width: 53px;\n\n      height: 48px;\n\n    }\n",
  "transfer": "\n    .sprite-transfer { \n\n      background-position: -242px 0px;\n\n      width: 48px;\n\n      height: 47px;\n\n    }\n",
  "verified": "\n    .sprite-verified { \n\n      background-position: -187px 0px;\n\n      width: 50px;\n\n      height: 50px;\n\n    }\n",
  "wallet": "\n    .sprite-wallet { \n\n      background-position: -242px -52px;\n\n      width: 41px;\n\n      height: 38px;\n\n    }\n"
}