{
  "sprite": ".sprite {\n\n    background-image: url('/static/spritesminesprite.png?t=1690358310674');\n\n    background-size: 1245px 352px;\n\n    background-repeat: no-repeat;\n\n  }\n",
  "about-icon": "\n    .sprite-about-icon { \n\n      background-position: -353px -116px;\n\n      width: 56px;\n\n      height: 56px;\n\n    }\n",
  "alipay-icon": "\n    .sprite-alipay-icon { \n\n      background-position: -292px -116px;\n\n      width: 56px;\n\n      height: 57px;\n\n    }\n",
  "back-icon": "\n    .sprite-back-icon { \n\n      background-position: -250px -232px;\n\n      width: 22px;\n\n      height: 38px;\n\n    }\n",
  "bank-card-icon": "\n    .sprite-bank-card-icon { \n\n      background-position: -656px -116px;\n\n      width: 56px;\n\n      height: 44px;\n\n    }\n",
  "camera": "\n    .sprite-camera { \n\n      background-position: -116px -186px;\n\n      width: 35px;\n\n      height: 32px;\n\n    }\n",
  "check-icon": "\n    .sprite-check-icon { \n\n      background-position: -414px -116px;\n\n      width: 56px;\n\n      height: 56px;\n\n    }\n",
  "chervon-right": "\n    .sprite-chervon-right { \n\n      background-position: -189px -186px;\n\n      width: 13px;\n\n      height: 23px;\n\n    }\n",
  "close-icon": "\n    .sprite-close-icon { \n\n      background-position: -156px -186px;\n\n      width: 28px;\n\n      height: 28px;\n\n    }\n",
  "copy-link-icon": "\n    .sprite-copy-link-icon { \n\n      background-position: -116px -116px;\n\n      width: 83px;\n\n      height: 65px;\n\n    }\n",
  "css_sprites_mine": "\n    .sprite-css_sprites_mine { \n\n      background-position: 0px 0px;\n\n      width: 1245px;\n\n      height: 111px;\n\n    }\n",
  "customer_service": "\n    .sprite-customer_service { \n\n      background-position: -597px -116px;\n\n      width: 54px;\n\n      height: 48px;\n\n    }\n",
  "device-icon": "\n    .sprite-device-icon { \n\n      background-position: 0px -296px;\n\n      width: 40px;\n\n      height: 56px;\n\n    }\n",
  "edit": "\n    .sprite-edit { \n\n      background-position: -154px -232px;\n\n      width: 46px;\n\n      height: 46px;\n\n    }\n",
  "email-icon": "\n    .sprite-email-icon { \n\n      background-position: -475px -116px;\n\n      width: 56px;\n\n      height: 56px;\n\n    }\n",
  "help": "\n    .sprite-help { \n\n      background-position: -101px -232px;\n\n      width: 48px;\n\n      height: 48px;\n\n    }\n",
  "lock-icon": "\n    .sprite-lock-icon { \n\n      background-position: -205px -232px;\n\n      width: 40px;\n\n      height: 44px;\n\n    }\n",
  "more-icon": "\n    .sprite-more-icon { \n\n      background-position: -778px -116px;\n\n      width: 81px;\n\n      height: 18px;\n\n    }\n",
  "notice": "\n    .sprite-notice { \n\n      background-position: -45px -296px;\n\n      width: 43px;\n\n      height: 48px;\n\n    }\n",
  "save-image-icon": "\n    .sprite-save-image-icon { \n\n      background-position: -204px -116px;\n\n      width: 83px;\n\n      height: 65px;\n\n    }\n",
  "share-icon": "\n    .sprite-share-icon { \n\n      background-position: -56px -232px;\n\n      width: 40px;\n\n      height: 58px;\n\n    }\n",
  "shield-icon": "\n    .sprite-shield-icon { \n\n      background-position: 0px -232px;\n\n      width: 51px;\n\n      height: 59px;\n\n    }\n",
  "upload-img-icon": "\n    .sprite-upload-img-icon { \n\n      background-position: 0px -116px;\n\n      width: 111px;\n\n      height: 111px;\n\n    }\n",
  "verify-icon": "\n    .sprite-verify-icon { \n\n      background-position: -717px -116px;\n\n      width: 56px;\n\n      height: 40px;\n\n    }\n",
  "wechat-icon": "\n    .sprite-wechat-icon { \n\n      background-position: -536px -116px;\n\n      width: 56px;\n\n      height: 49px;\n\n    }\n",
  "white-back": "\n    .sprite-white-back { \n\n      background-position: -277px -232px;\n\n      width: 22px;\n\n      height: 38px;\n\n    }\n",
  "white-chervon-right": "\n    .sprite-white-chervon-right { \n\n      background-position: -207px -186px;\n\n      width: 13px;\n\n      height: 23px;\n\n    }\n"
}